<?xml version="1.0" encoding="UTF-8"?>
<project-private xmlns="http://www.netbeans.org/ns/project-private/1">
    <editor-bookmarks xmlns="http://www.netbeans.org/ns/editor-bookmarks/2" lastBookmarkId="0"/>
    <open-files xmlns="http://www.netbeans.org/ns/projectui-open-files/2">
        <group>
            <file>file:/C:/Users/robso/Documents/Faculdade/2%20Periodo/Linguagens%20de%20Programação%20I/Empresa/Banco/src/conta/ContaPoupanca.java</file>
            <file>file:/C:/Users/robso/Documents/Faculdade/2%20Periodo/Linguagens%20de%20Programação%20I/Empresa/Banco/src/conta/Conta.java</file>
            <file>file:/C:/Users/robso/Documents/Faculdade/2%20Periodo/Linguagens%20de%20Programação%20I/Empresa/Banco/src/conta/ContaCorrente.java</file>
            <file>file:/C:/Users/robso/Documents/Faculdade/2%20Periodo/Linguagens%20de%20Programação%20I/Empresa/Banco/src/conta/Tela.java</file>
        </group>
    </open-files>
</project-private>
